"Dorie","Dorie"
"Keith","Keith"
"Sean","Sean"
"Scott","Scott"
"Keith","Keith"
"Joshua","Joshua"
"Gregory","Gregory"
"David","David"
"Annie","Annie"
"Ronald","Ronald"
"Rosa","Rosa"
"Paul","Paul"
"Tucker","Tucker"
"Rahul","Rahul"
"Michael","Michael"
"Ian","Ian"
"Jay","Jay"
"Mark","Mark"
"Amy","Amy"
"James","James"
"Richard","Richard"
"Polo","Polo"
"Sonia","Sonia"
"Young","Young"
"Jennifer","Jennifer"
"Russell","Russell"
"Gregory","Gregory"
"Beth","Beth"
"Munmun","Munmun"
"Frank","Frank"
"Betsy","Betsy"
"Carl","Carl"
"Ellen","Ellen"
"Frank","Frank"
"Charles","Charles"
"Keith","Keith"
"Magnus","Magnus"
"Jacob","Jacob"
"Alex","Alex"
"Barbara","Barbara"
"Irfan","Irfan"
"Karen","Karen"
"Arthur","Arthur"
"James","James"
"Jason","Jason"
"Maribeth","Maribeth"
"Maysam","Maysam"
"Eric","Eric"
"Ashok","Ashok"
"Alexander","Alexander"
"Beki","Beki"
"Mark","Mark"
"Harley","Harley"
"James","James"
"Karen","Karen"
"Michael","Michael"
"Timothy","Timothy"
"Omer","Omer"
"Charles","Charles"
"Melody","Melody"
"Nassim","Nassim"
"Brian","Brian"
"Charlie","Charlie"
"Hans","Hans"
"Lauren","Lauren"
"Kenneth","Kenneth"
"Neha","Neha"
"Christopher","Christopher"
"Wayne","Wayne"
"Karen","Karen"
"Yanni","Yanni"
"Nicholas","Nicholas"
"Blair","Blair"
"Krystina","Krystina"
"Brian","Brian"
"Ali","Ali"
"Keith","Keith"
"Peter","Peter"
"Abir","Abir"
"Janet","Janet"
"Elizabeth","Elizabeth"
"Michael","Michael"
"Jessica","Jessica"
"Colin","Colin"
"James","James"
"Mark","Mark"
"Wendy","Wendy"
"Jarek","Jarek"
"Agata","Agata"
"Steve","Steve"
"Matt","Matt"
"Jon","Jon"
"Jonathan","Jonathan"
"Jenny","Jenny"
"Valerie","Valerie"
"Thad","Thad"
"John","John"
"Peter","Peter"
"Greg","Greg"
"Bruce","Bruce"
"May","May"
"Kari","Kari"
"Gil","Gil"
"David","David"
"Lauren","Lauren"
"Racel","Racel"
"Clint","Clint"
"Ellen","Ellen